[
  {
    "name": "ASUS ROG Phone 7 Ultimate",
    "description": "Gaming phone with advanced cooling and high refresh rate display",
    "price": 1099.99,
    "color": "Storm White",
    "specifications": {
      "processor": "Snapdragon 8 Gen 2",
      "ram": "16GB",
      "storage": "512GB",
      "screenSize": "6.78 inches",
      "camera": "50MP main + 13MP ultrawide + 5MP macro"
    },
    "manufacturingDate": { "$date": "2023-04-10T00:00:00.000Z" },
    "imageUrl": "https://vnmedia.vn/file/8a10a0d36ccebc89016ce0c6fa3e1b83/032023/asus_rog_phone_7_ultimate_20230329204418.jpg",
    "category": { "$oid": "67e7c3a97fa2df60e7df386b" },
    "createdAt": { "$date": "2025-03-31T09:00:00.000Z" },
    "updatedAt": { "$date": "2025-03-31T09:00:00.000Z" },
    "__v": 0
  },
  {
    "name": "iPhone SE (2022)",
    "description": "Compact iPhone with Touch ID and A15 chip",
    "price": 429.00,
    "color": "Product Red",
    "specifications": {
      "processor": "A15 Bionic",
      "ram": "4GB",
      "storage": "128GB",
      "screenSize": "4.7 inches",
      "camera": "12MP rear"
    },
    "manufacturingDate": { "$date": "2022-03-18T00:00:00.000Z" },
    "imageUrl": "https://vcdn1-sohoa.vnecdn.net/2016/03/22/Screen-Shot-2016-03-22-at-1-1458611729.png?w=460&h=0&q=100&dpr=1&fit=crop&s=xCM43qOD0jtd77R3kPfgQw",
    "category": { "$oid": "67e7c3a97fa2df60e7df387d" },
    "createdAt": { "$date": "2025-03-31T09:02:00.000Z" },
    "updatedAt": { "$date": "2025-03-31T09:02:00.000Z" },
    "__v": 0
  },
  {
    "name": "Samsung Galaxy Z Fold5",
    "description": "Futuristic foldable phone with multitasking features",
    "price": 1799.00,
    "color": "Icy Blue",
    "specifications": {
      "processor": "Snapdragon 8 Gen 2",
      "ram": "12GB",
      "storage": "512GB",
      "screenSize": "7.6 inches (folded out)",
      "camera": "50MP main + 12MP ultrawide + 10MP telephoto"
    },
    "manufacturingDate": { "$date": "2023-08-01T00:00:00.000Z" },
    "imageUrl": "https://bachlongmobile.com/_next/image/?url=https%3A%2F%2Fbeta-api.bachlongmobile.com%2Fmedia%2Fcatalog%2Fproduct%2Fcache%2Fbfb35fd1430014b0a164bf3a48626862%2Fx%2Fa%2Fxanhh_2_cropped_2.webp&w=2048&q=75",
    "category": { "$oid": "67e7c3a97fa2df60e7df3874" },
    "createdAt": { "$date": "2025-03-31T09:03:00.000Z" },
    "updatedAt": { "$date": "2025-03-31T09:03:00.000Z" },
    "__v": 0
  },
  {
    "name": "Realme GT Neo 5",
    "description": "Affordable 5G smartphone with 240W fast charging",
    "price": 599.00,
    "color": "Pulse White",
    "specifications": {
      "processor": "Snapdragon 8+ Gen 1",
      "ram": "16GB",
      "storage": "256GB",
      "screenSize": "6.74 inches",
      "camera": "50MP main + 8MP ultrawide + 2MP macro"
    },
    "manufacturingDate": { "$date": "2023-02-09T00:00:00.000Z" },
    "imageUrl": "https://encrypted-tbn0.gstatic.com/images?q=tbn:ANd9GcQkxSuyfGV_OpL8V70VQJaxSlXTLe4mVoCTJA&s",
    "category": { "$oid": "67e7c3a97fa2df60e7df3862" },
    "createdAt": { "$date": "2025-03-31T09:05:00.000Z" },
    "updatedAt": { "$date": "2025-03-31T09:05:00.000Z" },
    "__v": 0
  },
  {
    "name": "Motorola Edge 40 Pro",
    "description": "Flagship Motorola with curved pOLED and 165Hz refresh rate",
    "price": 899.00,
    "color": "Interstellar Black",
    "specifications": {
      "processor": "Snapdragon 8 Gen 2",
      "ram": "12GB",
      "storage": "256GB",
      "screenSize": "6.67 inches",
      "camera": "50MP main + 50MP ultrawide + 12MP telephoto"
    },
    "manufacturingDate": { "$date": "2023-05-01T00:00:00.000Z" },
    "imageUrl": "https://vnmedia.vn/file/8a10a0d36ccebc89016ce0c6fa3e1b83/042023/motorola_edge_40_pro_2_20230404200751.jpg",
    "category": { "$oid": "67e7c3a97fa2df60e7df384a" },
    "createdAt": { "$date": "2025-03-31T09:06:00.000Z" },
    "updatedAt": { "$date": "2025-03-31T09:06:00.000Z" },
    "__v": 0
  },
  {
    "name": "Vivo X100 Pro",
    "description": "Premium Vivo phone with ZEISS optics",
    "price": 999.00,
    "color": "Star Trail Blue",
    "specifications": {
      "processor": "Dimensity 9300",
      "ram": "16GB",
      "storage": "512GB",
      "screenSize": "6.78 inches",
      "camera": "50MP main + 50MP ultrawide + 50MP telephoto"
    },
    "manufacturingDate": { "$date": "2023-12-10T00:00:00.000Z" },
    "imageUrl": "https://photo2.tinhte.vn/data/attachment-files/2023/11/8184702_cover-vivo-x100-series-tinhte.jpg",
    "category": { "$oid": "67e7c3a97fa2df60e7df385f" },
    "createdAt": { "$date": "2025-03-31T09:07:00.000Z" },
    "updatedAt": { "$date": "2025-03-31T09:07:00.000Z" },
    "__v": 0
  },
  {
    "name": "OPPO Find N3 Flip",
    "description": "Compact foldable phone with flagship specs",
    "price": 1049.00,
    "color": "Mist Rose",
    "specifications": {
      "processor": "Dimensity 9200",
      "ram": "12GB",
      "storage": "256GB",
      "screenSize": "6.8 inches",
      "camera": "50MP main + 48MP ultrawide + 32MP telephoto"
    },
    "manufacturingDate": { "$date": "2023-10-20T00:00:00.000Z" },
    "imageUrl": "https://cdn.tgdd.vn//News/1544789//oppofindn3flip-240823-170618-800-resize-800x450.jpg",
    "category": { "$oid": "67e7c3a97fa2df60e7df385c" },
    "createdAt": { "$date": "2025-03-31T09:08:00.000Z" },
    "updatedAt": { "$date": "2025-03-31T09:08:00.000Z" },
    "__v": 0
  },
  {
    "name": "Samsung Galaxy A54 5G",
    "description": "Mid-range Samsung phone with great display and battery life",
    "price": 449.00,
    "color": "Awesome Lime",
    "specifications": {
      "processor": "Exynos 1380",
      "ram": "6GB",
      "storage": "128GB",
      "screenSize": "6.4 inches",
      "camera": "50MP main + 12MP ultrawide + 5MP macro"
    },
    "manufacturingDate": { "$date": "2023-04-01T00:00:00.000Z" },
    "imageUrl": "https://demobile.vn/wp-content/uploads/2023/03/samsung-galaxy-a54-5g-thong-so-ky-thuat-va-nhung-dieu-ban-can.jpg",
    "category": { "$oid": "67e7c3a97fa2df60e7df384d" },
    "createdAt": { "$date": "2025-03-31T09:09:00.000Z" },
    "updatedAt": { "$date": "2025-03-31T09:09:00.000Z" },
    "__v": 0
  },
  {
    "name": "Infinix Zero 30",
    "description": "Budget phone with great selfie camera and sleek design",
    "price": 299.00,
    "color": "Golden Hour",
    "specifications": {
      "processor": "Dimensity 8020",
      "ram": "8GB",
      "storage": "256GB",
      "screenSize": "6.78 inches",
      "camera": "108MP main + 13MP ultrawide + 2MP depth"
    },
    "manufacturingDate": { "$date": "2023-09-01T00:00:00.000Z" },
    "imageUrl": "https://vnrom.net/wp-content/uploads/2024/09/infinix-zero-30-5G-vnrom.jpg",
    "category": { "$oid": "67e7c3a97fa2df60e7df3850" },
    "createdAt": { "$date": "2025-03-31T09:10:00.000Z" },
    "updatedAt": { "$date": "2025-03-31T09:10:00.000Z" },
    "__v": 0
  },
  {
    "name": "Google Pixel 7a",
    "description": "Affordable Pixel with excellent camera and clean Android experience",
    "price": 499.00,
    "color": "Charcoal",
    "specifications": {
      "processor": "Google Tensor G2",
      "ram": "8GB",
      "storage": "128GB",
      "screenSize": "6.1 inches",
      "camera": "64MP main + 13MP ultrawide"
    },
    "manufacturingDate": { "$date": "2023-05-10T00:00:00.000Z" },
    "imageUrl": "https://sieuthismartphone.com/data/product/medium/medium_usq1706778678.jpg",
    "category": { "$oid": "67e7c3a97fa2df60e7df3868" },
    "createdAt": { "$date": "2025-03-31T09:11:00.000Z" },
    "updatedAt": { "$date": "2025-03-31T09:11:00.000Z" },
    "__v": 0
  }
]
