[{
  "_id": {
    "$oid": "67e7c3a97fa2df60e7df384a"
  },
  "name": "Flagship Phones",
  "description": "High-end smartphones with the latest technology and premium build quality. These are the best devices from each manufacturer.",
  "createdAt": {
    "$date": "2025-03-29T09:55:53.458Z"
  },
  "updatedAt": {
    "$date": "2025-03-29T09:55:53.458Z"
  },
  "__v": 0
},
{
  "_id": {
    "$oid": "67e7c3a97fa2df60e7df384d"
  },
  "name": "Mid-range Phones",
  "description": "Balanced smartphones with good performance and features at a reasonable price point.",
  "createdAt": {
    "$date": "2025-03-29T09:55:53.463Z"
  },
  "updatedAt": {
    "$date": "2025-03-29T09:55:53.463Z"
  },
  "__v": 0
},
{
  "_id": {
    "$oid": "67e7c3a97fa2df60e7df3850"
  },
  "name": "Budget Phones",
  "description": "Affordable smartphones that offer essential features at lower prices.",
  "createdAt": {
    "$date": "2025-03-29T09:55:53.467Z"
  },
  "updatedAt": {
    "$date": "2025-03-29T09:55:53.467Z"
  },
  "__v": 0
},
{
  "_id": {
    "$oid": "67e7c3a97fa2df60e7df3853"
  },
  "name": "Apple iPhones",
  "description": "Apple's premium smartphone line running iOS.",
  "createdAt": {
    "$date": "2025-03-29T09:55:53.470Z"
  },
  "updatedAt": {
    "$date": "2025-03-29T09:55:53.470Z"
  },
  "__v": 0
},
{
  "_id": {
    "$oid": "67e7c3a97fa2df60e7df3856"
  },
  "name": "Samsung Galaxy",
  "description": "Samsung's diverse range of Android smartphones.",
  "createdAt": {
    "$date": "2025-03-29T09:55:53.472Z"
  },
  "updatedAt": {
    "$date": "2025-03-29T09:55:53.472Z"
  },
  "__v": 0
},
{
  "_id": {
    "$oid": "67e7c3a97fa2df60e7df3859"
  },
  "name": "Xiaomi",
  "description": "Xiaomi's smartphone lineup known for excellent value for money.",
  "createdAt": {
    "$date": "2025-03-29T09:55:53.478Z"
  },
  "updatedAt": {
    "$date": "2025-03-29T09:55:53.478Z"
  },
  "__v": 0
},
{
  "_id": {
    "$oid": "67e7c3a97fa2df60e7df385c"
  },
  "name": "OPPO",
  "description": "OPPO's innovative smartphones with excellent camera capabilities.",
  "createdAt": {
    "$date": "2025-03-29T09:55:53.485Z"
  },
  "updatedAt": {
    "$date": "2025-03-29T09:55:53.485Z"
  },
  "__v": 0
},
{
  "_id": {
    "$oid": "67e7c3a97fa2df60e7df385f"
  },
  "name": "Vivo",
  "description": "Vivo's range of stylish smartphones with advanced camera features.",
  "createdAt": {
    "$date": "2025-03-29T09:55:53.490Z"
  },
  "updatedAt": {
    "$date": "2025-03-29T09:55:53.490Z"
  },
  "__v": 0
},
{
  "_id": {
    "$oid": "67e7c3a97fa2df60e7df3862"
  },
  "name": "Realme",
  "description": "Realme's performance-focused smartphones at competitive prices.",
  "createdAt": {
    "$date": "2025-03-29T09:55:53.495Z"
  },
  "updatedAt": {
    "$date": "2025-03-29T09:55:53.495Z"
  },
  "__v": 0
},
{
  "_id": {
    "$oid": "67e7c3a97fa2df60e7df3865"
  },
  "name": "OnePlus",
  "description": "OnePlus smartphones offering flagship features at lower prices.",
  "createdAt": {
    "$date": "2025-03-29T09:55:53.500Z"
  },
  "updatedAt": {
    "$date": "2025-03-29T09:55:53.500Z"
  },
  "__v": 0
},
{
  "_id": {
    "$oid": "67e7c3a97fa2df60e7df3868"
  },
  "name": "Google Pixel",
  "description": "Google's Pixel phones with exceptional camera quality and pure Android experience.",
  "createdAt": {
    "$date": "2025-03-29T09:55:53.505Z"
  },
  "updatedAt": {
    "$date": "2025-03-29T09:55:53.505Z"
  },
  "__v": 0
},
{
  "_id": {
    "$oid": "67e7c3a97fa2df60e7df386b"
  },
  "name": "Gaming Phones",
  "description": "Specialized smartphones with enhanced performance and cooling for mobile gaming.",
  "createdAt": {
    "$date": "2025-03-29T09:55:53.508Z"
  },
  "updatedAt": {
    "$date": "2025-03-29T09:55:53.508Z"
  },
  "__v": 0
},
{
  "_id": {
    "$oid": "67e7c3a97fa2df60e7df386e"
  },
  "name": "Camera Phones",
  "description": "Smartphones with exceptional photography and videography capabilities.",
  "createdAt": {
    "$date": "2025-03-29T09:55:53.512Z"
  },
  "updatedAt": {
    "$date": "2025-03-29T09:55:53.512Z"
  },
  "__v": 0
},
{
  "_id": {
    "$oid": "67e7c3a97fa2df60e7df3871"
  },
  "name": "Business Phones",
  "description": "Smartphones with enhanced security and productivity features for professional use.",
  "createdAt": {
    "$date": "2025-03-29T09:55:53.517Z"
  },
  "updatedAt": {
    "$date": "2025-03-29T09:55:53.517Z"
  },
  "__v": 0
},
{
  "_id": {
    "$oid": "67e7c3a97fa2df60e7df3874"
  },
  "name": "Foldable Phones",
  "description": "Innovative smartphones with folding displays that transform between phone and tablet form factors.",
  "createdAt": {
    "$date": "2025-03-29T09:55:53.519Z"
  },
  "updatedAt": {
    "$date": "2025-03-29T09:55:53.519Z"
  },
  "__v": 0
},
{
  "_id": {
    "$oid": "67e7c3a97fa2df60e7df3877"
  },
  "name": "5G Phones",
  "description": "Smartphones with 5G connectivity for ultra-fast mobile data speeds.",
  "createdAt": {
    "$date": "2025-03-29T09:55:53.522Z"
  },
  "updatedAt": {
    "$date": "2025-03-29T09:55:53.522Z"
  },
  "__v": 0
},
{
  "_id": {
    "$oid": "67e7c3a97fa2df60e7df387a"
  },
  "name": "Large Screen Phones",
  "description": "Smartphones with displays larger than 6.5 inches for enhanced media consumption.",
  "createdAt": {
    "$date": "2025-03-29T09:55:53.524Z"
  },
  "updatedAt": {
    "$date": "2025-03-29T09:55:53.524Z"
  },
  "__v": 0
},
{
  "_id": {
    "$oid": "67e7c3a97fa2df60e7df387d"
  },
  "name": "Compact Phones",
  "description": "Smaller smartphones with screen sizes under 6 inches for easier one-handed use.",
  "createdAt": {
    "$date": "2025-03-29T09:55:53.526Z"
  },
  "updatedAt": {
    "$date": "2025-03-29T09:55:53.526Z"
  },
  "__v": 0
},
{
  "_id": {
    "$oid": "67e7fc1975cfbb1219ee9734"
  },
  "name": "Updated Category Name",
  "description": "Updated description",
  "createdAt": {
    "$date": "2025-03-29T13:56:41.011Z"
  },
  "updatedAt": {
    "$date": "2025-03-29T13:58:56.224Z"
  },
  "__v": 0
}]